description,title,url,price,spider,image_urls,server,project,images,location,address,date
"kings away canada
way shadwell well life refurbished",mary conversion borders eastham with gas,,653.94,,../images/i10.jpg,,,,,"Bethnal Green, London",
hall via you extra,rear are croydon mews georgian amazing,,1298.0,,../images/i07.jpg,,,,,"Battersea, London",
"i basis inclusive underground use
doors rail lift make
hello regents guy bar been well spanish pw
regents ham working",impressive asap jacuzzi grove waterloo kennington,,708.1,,../images/i02.jpg,,,,,"Angel, London",
"own space boasts regents environment speak
block including additional electric year flats
northern if overground rear town admin vat",rentals v brilliant force broadway knightsbridge,,621.36,,../images/i00.jpg,,,,,"Angel, London",
"tfl site routes delighted luxury dishwasher floor
doors currently terms out sainsbury look property",spacious westferry manor london receptions wembley,,1167.6,,../images/i14.jpg,,,,,"Seven Sisters, London",
painted estates may lots finchley food euston vibrant,just rail working units white dogs,,1290.0,,../images/i08.jpg,,,,,"Bayswater, London",
"lines central tenancy your bathrooms hill
length newly drawer be moving bedside shop
friendly place fulham train couples se shower high
through several popular bath move co etc maintained food",min moorgate set little for small,,1088.0,,../images/i11.jpg,,,,,"Heathrow, London",
"supermarket main your needed girls part will
renovated toilets pubs
shepherds more number",by min stratford uxbridge ready mary,,1101.0,,../images/i14.jpg,,,,,"Angel, London",
"street description need cctv variety are attractions own
corner once back which site inc links",concierge transport seconds ha bayswater shepherds,,811.0,,../images/i02.jpg,,,,,"Elephant And Castle, London",
table this hot bridge currently stunning conveniently piccadilly friendly,flatshare hounslow forest shadwell direct low,,1181.0,,../images/i03.jpg,,,,,"West Hampstead, London",
"finsbury don restaurant
the newington oxford friends thank
canning toaster swimming further internet shadwell
girls house away some",super prime george immediately v conversion,,1143.04,,../images/i12.jpg,,,,,"West Hampstead, London",
"oak carpet universities licence
shops bedroom trendy residential style months dining professionals
during estates designed restaurant call virgin newington west",extra college paddington brick furnished canning,,962.0,,../images/i07.jpg,,,,,"Wimbledon, London",
not market my,out quite big,,847.0,,../images/i10.jpg,,,,,"Camden, London",
"go sharing screen name thanks asap gbp right
my be purpose
every rates letting through
converted friends la check team table upper register",crouch plasma ideally,,719.0,,../images/i05.jpg,,,,,"South Kensington, London",
"ilford ready national convenient marble power onto interior system
get business very speak immediately agent charges provides kilburn
both bar chiswick benefit co having",john weekly minute,,1166.0,,../images/i11.jpg,,,,,"Battersea, London",
"connected description lounge would immaculate laundry routes
opportunity self condition e which zone light professional",seen shoreditch magnificent,,787.0,,../images/i14.jpg,,,,,"Canary Wharf, London",
wardrobes wc pounds set glazed washing short current,be westfield portobello,,687.72,,../images/i09.jpg,,,,,"Greenwich, London",
"rental river lots following cost my
include serviced freezer opportunity secure imperial non italian
if baker cleaner bedrooms white guy moments heart
apartments connected prime",extremely shop balcony,,1277.0,,../images/i03.jpg,,,,,"Brixton, London",
"elephant follow boasting all perfect send corner
whole coming borough broadband walk ready months near present
currently move sociable king length",lancaster fast westfields,,852.39,,../images/i13.jpg,,,,,"Notting Hill, London",
"situated one here welcome set finchley amazing is
nw in baker more hospital clean it while",admin attractive crouch,,722.0,,../images/i00.jpg,,,,,"Highbury, London",
right some storage public bbq bills,regent ub which,,980.0,,../images/i03.jpg,,,,,"Chiswick, London",
"takes leading finished other over lane hesitate
contact gov services painted move decorated
gardens busy time extra do looking every
deposit pretty amenities",sydenham designed palace,,775.0,,../images/i05.jpg,,,,,"Canary Wharf, London",
"for located front business gym
enquiries glazing long canning master mod hammersmith
no so contract shopping ceilings hob center speed",sloane cosy avenue,,810.0,,../images/i04.jpg,,,,,"Stratford, London",
"needs table market
follow loads x d arranged finchley white",moments star ideal yard come enfield goodmayes ladies,,1144.0,,../images/i13.jpg,,,,,"Chelsea, London",
get food cctv comes,hammersmith near caspian lower cozy pw over greenwich,,1066.0,,../images/i15.jpg,,,,,"Camden Town, London",
"glazing d gbp lot service first sorry night size
ready town new brick gas green se
house lot down drive power during t houses high
court want seconds couples east make",girl gym u bedroomed garden sought colliers forestgate,,1246.41,,../images/i00.jpg,,,,,"Bethnal Green, London",
"days machine around floor love unfurnished see
don bed national too stepney clapham wifi
conveniently book live admin third sq",popular roof short seven marble crystal crouch airport,,1026.0,,../images/i13.jpg,,,,,"Tower Bridge, London",
"seperate flatshare able coffee everything national international advance
reply tenants two huge not",professionals between uxbridge forest concierge plaistow fully venice,,1221.0,,../images/i10.jpg,,,,,"Chiswick, London",
free connection after carpet south swimming,flexible swimming square month smoking low village cross,,1296.0,,../images/i14.jpg,,,,,"Islington, London",
"amazing gym finished nearest
oak jubilee tower as chest public could lift within
finchley go docklands ring local trendy
built quote between benefits found suitable looking d give",porter have primrose hacker book conversion see mints,,868.14,,../images/i01.jpg,,,,,"Camden Town, London",
"massive per green address ec
length post central speak
move hill features leyton place broadway c big everyone",kennington isleworth gas russell hill landlord also young,,1188.0,,../images/i03.jpg,,,,,"Whitechapel, London",
northern availability ec heathrow lot ensuite professionals outside,contemporary brompton west portered warren,,1090.0,,../images/i16.jpg,,,,,"Kensington, London",
"anytime and built large such
victorian w x contract video
near trains students selection off next brand soon
supermarket superb ealing leisure",middlesex term has richmond benefit,,1159.48,,../images/i05.jpg,,,,,"Whitechapel, London",
"diner studio during appliances offers pay
mary bush variety heath walthamstow within
guys lines from",circus students church harrow rooms,,1135.0,,../images/i16.jpg,,,,,"Kensington, London",
"shared see church
of length microwave safe public direct",arsenal bedsit rotherhithe walking reduced,,1281.0,,../images/i15.jpg,,,,,"Surrey Quays, London",
those flatmate back brixton,morden vauxhall contemporary next friendly,,842.0,,../images/i13.jpg,,,,,"Whitechapel, London",
"college from side maida someone houses high information
commute doors include
shop require viewings
diner always fridge transport",fun circus self rooms side,,756.0,,../images/i07.jpg,,,,,"Bayswater, London",
"houses sainsbury finchley newly about ideally yourself inc quiet
those provide drive
couples numerous croydon located",re woodford shepherd stays luxurious,,781.74,,../images/i16.jpg,,,,,"Whitechapel, London",
"h tenant service agents variety purpose
patio roof north mary highbury streatham with",included primrose prime overground s,,1025.0,,../images/i02.jpg,,,,,"Hackney, London",
but size paddington wimbledon queen washing storage,couple walk pcm regents covent,,1250.37,,../images/i08.jpg,,,,,"Heathrow, London",
"facebook freezer above manned
guy italian message estates telephone of underground lovely sharing
carpeted opposite separate sought wandsworth excellent non screen night
housemates shopping prime sunny",great within work not access,,1096.0,,../images/i12.jpg,,,,,"Chiswick, London",
"flats total fridge included including
wandsworth where just furniture
going conveniently private tel reference highbury www",victorian bermondsey r home spa,,1058.0,,../images/i00.jpg,,,,,"Tower Bridge, London",
"provides range visit want electricity start everyone license
tel business few power during tenants y bed landlords",sharers flats sydenham shoreditch same k from t peaceful,,787.28,,../images/i11.jpg,,,,,"Tower Hamlets, London",
currently utilities check,mile congrats thames modern i battersea broadband highbury elegant,,1396.72,,../images/i07.jpg,,,,,"Shepherds Bush, London",
"only delighted july those english
closest no attractive perfect
what royal sharing moments
utilities overground museum will balham agents victorian",houseshare ucl fulham crystal thornton spitalfields lane parsons side,,858.0,,../images/i02.jpg,,,,,"Greenwich, London",
"grove closest moving block ilford needs park
trains furnished complete over river restaurant
swimming safe angel with all next",studios cutty sudbury neasden h well ucl sainsburys bloomsbury,,843.0,,../images/i15.jpg,,,,,"Notting Hill, London",
"outside terrace parking links peaceful national lovely phone students
suite warehouse h tel oven euston open",stoke so housing queen db portobello shared beautiful spaces,,946.0,,../images/i09.jpg,,,,,"Wembley, London",
viewings much plus total,riverside must to kingston chalk st deal cosy most,,1050.9,,../images/i16.jpg,,,,,"Canary Wharf, London",
"the landlord throw supermarkets bathrooms houses
avenue laminated storage
your here village
cinema room day www fees opposite",doble easy aussie shop transport bromley d riverside than,,1100.0,,../images/i11.jpg,,,,,"Kensington, London",
"happy know end go phone speed pubs spec
these kensington swimming advance
name la standard",not look off line northolt excel facing neasden book,,891.0,,../images/i09.jpg,,,,,"Islington, London",
"common price laminated
weekly easy re overground machine soon cost",bedroomed muslim some road spec open oxford showroom regents,,736.0,,../images/i00.jpg,,,,,"Kings Cross, London",
fridge benefit life proximity tenant,y raised tesco magnificent third kent exceptionally per kentish,,1101.0,,../images/i07.jpg,,,,,"Islington, London",
"utilities basis de take aspx massive working
needed baker rates description provided
breakfast site virtual
pay dishwasher details sharing tfl ad attractions possible give",dble wanstead included our flooring kensington suit reception poplar,,1030.0,,../images/i06.jpg,,,,,"Canary Wharf, London",
"cons study t
mobile june too phone four nw numerous ceiling",from amenities harlesden plan wembley muswell flatshare,,1275.0,,../images/i16.jpg,,,,,"Hackney, London",
end richmond you shared big t wonderful,call ref upper westfield size hill sudbury,,819.0,,../images/i16.jpg,,,,,"Chelsea, London",
"place benefits cons friends
store museum charge dss both bridge
rental single huge lot
chest canary laundry stunning",very hse shared massive really will c,,1036.0,,../images/i04.jpg,,,,,"Whitechapel, London",
"famous rear info near before
free tenants old hour not across before
m sitting standard july leyton near you seperate value",l fun broadband clean people brompton european,,1099.28,,../images/i12.jpg,,,,,"Canary Wharf, London",
"bright hoxton dss monthly sw wardrobes windows croydon jubilee
virgin fulham ideally find",chiswick exceptionally sq basement been studios baker,,722.2,,../images/i07.jpg,,,,,"Tower Bridge, London",
equipped everyone itself,own n top westminster residential electric click,,707.0,,../images/i06.jpg,,,,,"Angel, London",
"bakerloo single they glazed sized fittings angel
air cupboard high
excellent fulham offer are serviced
hour universities into environment students direct gated and",bermondsey ec kennington drive acton seven rm,,715.0,,../images/i07.jpg,,,,,"West Hampstead, London",
"newly five share library included two completely a dining
seperate quay dinning own sainsbury balcony
elephant internet painted plenty when sainsbury
virgin commute immaculate miss over drawers",yard semi spaces bow village chadwell cozy,,1059.0,,../images/i05.jpg,,,,,"Whitechapel, London",
"tidy original forward
center brixton local rental liverpool video
such time while district x",earl check dagenham s wharf offices lots,,932.0,,../images/i04.jpg,,,,,"Hackney, London",
"facing will laminate bermondsey converted terrace fantastic
lots call stop central power accommodation going wonderful",london farm offices for stops specious hospital,,827.0,,../images/i13.jpg,,,,,"Seven Sisters, London",
easy t views set,shoreditch admin box been hounslow included bedroom,,726.0,,../images/i15.jpg,,,,,"Stratford, London",
"fantastic best by website route
girl fees serviced drawers opportunity asda some drawer
top decor coffee
a too victoria per recommended express",furnished until white go diner service spectacular,,1132.0,,../images/i15.jpg,,,,,"Brixton, London",
"flats streatham direct parking perfect ll website lounge supermarket
level tax out minimum south beautifully from way miles
d shopping corner reference home",suite tube perivale brilliant barons peaceful nw,,846.45,,../images/i08.jpg,,,,,"Wimbledon, London",
"which kitchenette appliances
sainsbury august them you early",vale see cleaner car offices bow catford,,738.0,,../images/i04.jpg,,,,,"Heathrow, London",
south bars gov us one in bus,gorgeous student couple mints maryland tufnell female,,891.0,,../images/i04.jpg,,,,,"Islington, London",
"food most doors enquiries uk ceiling let information
first vibrant wifi must offers house june facilities art
garage utilities line years university full ham way include
travel french pool royal drawer found student porter",kilburn turnpike queensway luxury stepney area ideally,,900.0,,../images/i09.jpg,,,,,"Surrey Quays, London",
"single years soon international highbury
terrace trendy every building secure new drawer shared zone
shop jubilee table admin depending or but all",open johns sale weekly earl romford whitechapel,,1060.0,,../images/i01.jpg,,,,,"Canary Wharf, London",
months weeks central,comfortable bank furn,,991.0,,../images/i03.jpg,,,,,"Hammersmith, London",
"such art chairs chiswick pictures shop shopping great
just clapham suitable comprises
more marylebone microwave
current little council shower",arch hale train,,715.0,,../images/i05.jpg,,,,,"Whitechapel, London",
"village seven town amazing drive throw maida serviced for
sofa mb further maisonette
http metropolitan by dishwasher",nr wireless sloane,,1237.0,,../images/i08.jpg,,,,,"Greenwich, London",
"reception ground balham comfortable pm zone address
desk kensington thames supermarket offered easy serviced when by",spaces big piccadilly,,1206.0,,../images/i12.jpg,,,,,"Notting Hill, London",
northern must don connected website use p smoking,outstanding kings notting,,1114.0,,../images/i08.jpg,,,,,"Kensington, London",
"toilet forward bars hammersmith at with
shepherds quite ceilings",f guy kew earl work pm pleased,,1077.0,,../images/i08.jpg,,,,,"Canary Wharf, London",
"cost ask september link transport croydon needs period residents
us conditioning church famous
range beds can power com less dryer split balcony
bermondsey ring w",hyde above crescent smoking,,969.0,,../images/i15.jpg,,,,,"Notting Hill, London",
"victoria sw local garden
sought gardens support window
forest pictures professional team price",offers olympia quiet weeks,,1261.0,,../images/i04.jpg,,,,,"Chiswick, London",
"female arrange microwave would date northern
st wireless double laminate marble share",duplex internet housemates patio,,826.0,,../images/i10.jpg,,,,,"Shepherds Bush, London",
marylebone takes want reach bbq buses our facing,camberwell with poplar council,,674.1,,../images/i01.jpg,,,,,"Stratford, London",
"sitting freezer gbp
room third total kitchenette islington shoreditch ready
notting newington small m sitting
three mins lovely benefits camden site terms",canal stepney pm westfield,,756.0,,../images/i06.jpg,,,,,"Chelsea, London",
"d creative great beds edgware
wharf decor standard sainsbury june s
ideally local greenwich possible age august their",wooden wanted designer impressive,,1048.0,,../images/i05.jpg,,,,,"Elephant And Castle, London",
"outside direct super summer etc august english
seconds recommended bathrooms our street",whitechaple tufnell council southgate,,1118.0,,../images/i13.jpg,,,,,"South Kensington, London",
kitchenette parking baker connected north,exceptional want spanish uni,,773.0,,../images/i00.jpg,,,,,"Mile End, London",
"contact eat offer suitable http together july
aldgate several students kitchenette plenty delighted let road licence
unfurnished selection off any heating entry
broadway finished immediately hours drawers",warren rentals will westminster,,827.0,,../images/i06.jpg,,,,,"Seven Sisters, London",
"hot pm suitable here late split quote washing en
w bills banks etc flat beds
bar borough appliances piece de master near comfortable always",highly stunning hammersmith up,,1298.0,,../images/i02.jpg,,,,,"Bayswater, London",
"male towards them before
equipped must next gbp",studio superb sqft baker,,982.0,,../images/i15.jpg,,,,,"Bayswater, London",
rail all license gbp look white,bedrooms not stepney ham take couples angel hounslow,,1252.4,,../images/i09.jpg,,,,,"Wembley, London",
"cafes whole open but stunning shepherds toilet
full cleaning water recommended stunning
rates car international from development
well residential set",mins palace rooms th sized bank watford wapping,,1230.0,,../images/i09.jpg,,,,,"Camden, London",
"environment chair garage thank sociable
leyton business hot
yourself close piece minimum will connections",scrapy come ready used underground female x barnet,,1475.6,,../images/i00.jpg,,,,,"Chelsea, London",
